Index,Sine,Cosine
0,0,1
1,0.84147,0.5403
2,0.9093,-0.41615
3,0.14112,-0.98999
4,-0.7568,-0.65364
5,-0.95892,0.28366
6,-0.27942,0.96017
7,0.65699,0.7539
8,0.98936,-0.1455
9,0.41212,-0.91113
10,-0.54402,-0.83907
